MEDELLIN;ANTIOQUIA;05001
ABEJORRAL;ANTIOQUIA;05002
ABRIAQUI;ANTIOQUIA;05004
ALEJANDRIA;ANTIOQUIA;05021
AMAGA;ANTIOQUIA;05030
AMALFI;ANTIOQUIA;05031
ANDES;ANTIOQUIA;05034
ANGELOPOLIS;ANTIOQUIA;05036
ANGOSTURA;ANTIOQUIA;05038
ANORI;ANTIOQUIA;05040
SANTAFE DE ANTIOQUIA;ANTIOQUIA;05042
ANZA;ANTIOQUIA;05044
APARTADO;ANTIOQUIA;05045
ARBOLETES;ANTIOQUIA;05051
ARGELIA;ANTIOQUIA;05055
ARMENIA;ANTIOQUIA;05059
BARBOSA;ANTIOQUIA;05079
BELMIRA;ANTIOQUIA;05086
BELLO;ANTIOQUIA;05088
BETANIA;ANTIOQUIA;05091
BETULIA;ANTIOQUIA;05093
CIUDAD BOLIVAR;ANTIOQUIA;05101
BRICEÑO;ANTIOQUIA;05107
BURITICA;ANTIOQUIA;05113
CACERES;ANTIOQUIA;05120
CAICEDO;ANTIOQUIA;05125
CALDAS;ANTIOQUIA;05129
CAMPAMENTO;ANTIOQUIA;05134
CAÑASGORDAS;ANTIOQUIA;05138
CARACOLI;ANTIOQUIA;05142
CARAMANTA;ANTIOQUIA;05145
CAREPA;ANTIOQUIA;05147
EL CARMEN DE VIBORAL;ANTIOQUIA;05148
CAROLINA;ANTIOQUIA;05150
CAUCASIA;ANTIOQUIA;05154
CHIGORODO;ANTIOQUIA;05172
CISNEROS;ANTIOQUIA;05190
COCORNA;ANTIOQUIA;05197
CONCEPCION;ANTIOQUIA;05206
CONCORDIA;ANTIOQUIA;05209
COPACABANA;ANTIOQUIA;05212
DABEIBA;ANTIOQUIA;05234
DON MATIAS;ANTIOQUIA;05237
EBEJICO;ANTIOQUIA;05240
EL BAGRE;ANTIOQUIA;05250
ENTRERRIOS;ANTIOQUIA;05264
ENVIGADO;ANTIOQUIA;05266
FREDONIA;ANTIOQUIA;05282
FRONTINO;ANTIOQUIA;05284
GIRALDO;ANTIOQUIA;05306
GIRARDOTA;ANTIOQUIA;05308
GOMEZ PLATA;ANTIOQUIA;05310
GRANADA;ANTIOQUIA;05313
GUADALUPE;ANTIOQUIA;05315
GUARNE;ANTIOQUIA;05318
GUATAPE;ANTIOQUIA;05321
HELICONIA;ANTIOQUIA;05347
HISPANIA;ANTIOQUIA;05353
ITAGUI;ANTIOQUIA;05360
ITUANGO;ANTIOQUIA;05361
JARDIN;ANTIOQUIA;05364
JERICO;ANTIOQUIA;05368
LA CEJA;ANTIOQUIA;05376
LA ESTRELLA;ANTIOQUIA;05380
LA PINTADA;ANTIOQUIA;05390
LA UNION;ANTIOQUIA;05400
LIBORINA;ANTIOQUIA;05411
MACEO;ANTIOQUIA;05425
MARINILLA;ANTIOQUIA;05440
MONTEBELLO;ANTIOQUIA;05467
MURINDO;ANTIOQUIA;05475
MUTATA;ANTIOQUIA;05480
NARIÑO;ANTIOQUIA;05483
NECOCLI;ANTIOQUIA;05490
NECHI;ANTIOQUIA;05495
OLAYA;ANTIOQUIA;05501
PEÐOL;ANTIOQUIA;05541
PEQUE;ANTIOQUIA;05543
PUEBLORRICO;ANTIOQUIA;05576
PUERTO BERRIO;ANTIOQUIA;05579
PUERTO NARE;ANTIOQUIA;05585
PUERTO TRIUNFO;ANTIOQUIA;05591
REMEDIOS;ANTIOQUIA;05604
RETIRO;ANTIOQUIA;05607
RIONEGRO;ANTIOQUIA;05615
SABANALARGA;ANTIOQUIA;05628
SABANETA;ANTIOQUIA;05631
SALGAR;ANTIOQUIA;05642
SAN ANDRES DE CUERQUIA;ANTIOQUIA;05647
SAN CARLOS;ANTIOQUIA;05649
SAN FRANCISCO;ANTIOQUIA;05652
SAN JERONIMO;ANTIOQUIA;05656
SAN JOSE DE LA MONTAÑA;ANTIOQUIA;05658
SAN JUAN DE URABA;ANTIOQUIA;05659
SAN LUIS;ANTIOQUIA;05660
SAN PEDRO;ANTIOQUIA;05664
SAN PEDRO DE URABA;ANTIOQUIA;05665
SAN RAFAEL;ANTIOQUIA;05667
SAN ROQUE;ANTIOQUIA;05670
SAN VICENTE;ANTIOQUIA;05674
SANTA BARBARA;ANTIOQUIA;05679
SANTA ROSA DE OSOS;ANTIOQUIA;05686
SANTO DOMINGO;ANTIOQUIA;05690
EL SANTUARIO;ANTIOQUIA;05697
SEGOVIA;ANTIOQUIA;05736
SONSON;ANTIOQUIA;05756
SOPETRAN;ANTIOQUIA;05761
TAMESIS;ANTIOQUIA;05789
TARAZA;ANTIOQUIA;05790
TARSO;ANTIOQUIA;05792
TITIRIBI;ANTIOQUIA;05809
TOLEDO;ANTIOQUIA;05819
TURBO;ANTIOQUIA;05837
URAMITA;ANTIOQUIA;05842
URRAO;ANTIOQUIA;05847
VALDIVIA;ANTIOQUIA;05854
VALPARAISO;ANTIOQUIA;05856
VEGACHI;ANTIOQUIA;05858
VENECIA;ANTIOQUIA;05861
VIGIA DEL FUERTE;ANTIOQUIA;05873
YALI;ANTIOQUIA;05885
YARUMAL;ANTIOQUIA;05887
YOLOMBO;ANTIOQUIA;05890
YONDO;ANTIOQUIA;05893
ZARAGOZA;ANTIOQUIA;05895
BARRANQUILLA;ATLANTICO;08001
BARANOA;ATLANTICO;08078
CAMPO DE LA CRUZ;ATLANTICO;08137
CANDELARIA;ATLANTICO;08141
GALAPA;ATLANTICO;08296
JUAN DE ACOSTA;ATLANTICO;08372
LURUACO;ATLANTICO;08421
MALAMBO;ATLANTICO;08433
MANATI;ATLANTICO;08436
PALMAR DE VARELA;ATLANTICO;08520
PIOJO;ATLANTICO;08549
POLONUEVO;ATLANTICO;08558
PONEDERA;ATLANTICO;08560
PUERTO COLOMBIA;ATLANTICO;08573
REPELON;ATLANTICO;08606
SABANAGRANDE;ATLANTICO;08634
SABANALARGA;ATLANTICO;08638
SANTA LUCIA;ATLANTICO;08675
SANTO TOMAS;ATLANTICO;08685
SOLEDAD;ATLANTICO;08758
SUAN;ATLANTICO;08770
TUBARA;ATLANTICO;08832
USIACURI;ATLANTICO;08849
BOGOTA, D.C.;BOGOTA;11001
CARTAGENA;BOLIVAR;13001
ACHI;BOLIVAR;13006
ALTOS DEL ROSARIO;BOLIVAR;13030
ARENAL;BOLIVAR;13042
ARJONA;BOLIVAR;13052
ARROYOHONDO;BOLIVAR;13062
BARRANCO DE LOBA;BOLIVAR;13074
CALAMAR;BOLIVAR;13140
CANTAGALLO;BOLIVAR;13160
CICUCO;BOLIVAR;13188
CORDOBA;BOLIVAR;13212
CLEMENCIA;BOLIVAR;13222
EL CARMEN DE BOLIVAR;BOLIVAR;13244
EL GUAMO;BOLIVAR;13248
EL PEÑON;BOLIVAR;13268
HATILLO DE LOBA;BOLIVAR;13300
MAGANGUE;BOLIVAR;13430
MAHATES;BOLIVAR;13433
MARGARITA;BOLIVAR;13440
MARIA LA BAJA;BOLIVAR;13442
MONTECRISTO;BOLIVAR;13458
MOMPOS;BOLIVAR;13468
NOROSI;BOLIVAR;13490
MORALES;BOLIVAR;13473
PINILLOS;BOLIVAR;13549
REGIDOR;BOLIVAR;13580
RIO VIEJO;BOLIVAR;13600
SAN CRISTOBAL;BOLIVAR;13620
SAN ESTANISLAO;BOLIVAR;13647
SAN FERNANDO;BOLIVAR;13650
SAN JACINTO;BOLIVAR;13654
SAN JACINTO DEL CAUCA;BOLIVAR;13655
SAN JUAN NEPOMUCENO;BOLIVAR;13657
SAN MARTIN DE LOBA;BOLIVAR;13667
SAN PABLO;BOLIVAR;13670
SANTA CATALINA;BOLIVAR;13673
SANTA ROSA;BOLIVAR;13683
SANTA ROSA DEL SUR;BOLIVAR;13688
SIMITI;BOLIVAR;13744
SOPLAVIENTO;BOLIVAR;13760
TALAIGUA NUEVO;BOLIVAR;13780
TIQUISIO;BOLIVAR;13810
TURBACO;BOLIVAR;13836
TURBANA;BOLIVAR;13838
VILLANUEVA;BOLIVAR;13873
ZAMBRANO;BOLIVAR;13894
TUNJA;BOYACA;15001
ALMEIDA;BOYACA;15022
AQUITANIA;BOYACA;15047
ARCABUCO;BOYACA;15051
BELEN;BOYACA;15087
BERBEO;BOYACA;15090
BETEITIVA;BOYACA;15092
BOAVITA;BOYACA;15097
BOYACA;BOYACA;15104
BRICEÑO;BOYACA;15106
BUENAVISTA;BOYACA;15109
BUSBANZA;BOYACA;15114
CALDAS;BOYACA;15131
CAMPOHERMOSO;BOYACA;15135
CERINZA;BOYACA;15162
CHINAVITA;BOYACA;15172
CHIQUINQUIRA;BOYACA;15176
CHISCAS;BOYACA;15180
CHITA;BOYACA;15183
CHITARAQUE;BOYACA;15185
CHIVATA;BOYACA;15187
CIENEGA;BOYACA;15189
COMBITA;BOYACA;15204
COPER;BOYACA;15212
CORRALES;BOYACA;15215
COVARACHIA;BOYACA;15218
CUBARA;BOYACA;15223
CUCAITA;BOYACA;15224
CUITIVA;BOYACA;15226
CHIQUIZA;BOYACA;15232
CHIVOR;BOYACA;15236
DUITAMA;BOYACA;15238
EL COCUY;BOYACA;15244
EL ESPINO;BOYACA;15248
FIRAVITOBA;BOYACA;15272
FLORESTA;BOYACA;15276
GACHANTIVA;BOYACA;15293
GAMEZA;BOYACA;15296
GARAGOA;BOYACA;15299
GUACAMAYAS;BOYACA;15317
GUATEQUE;BOYACA;15322
GUAYATA;BOYACA;15325
GsICAN;BOYACA;15332
IZA;BOYACA;15362
JENESANO;BOYACA;15367
JERICO;BOYACA;15368
LABRANZAGRANDE;BOYACA;15377
LA CAPILLA;BOYACA;15380
LA VICTORIA;BOYACA;15401
LA UVITA;BOYACA;15403
VILLA DE LEYVA;BOYACA;15407
MACANAL;BOYACA;15425
MARIPI;BOYACA;15442
MIRAFLORES;BOYACA;15455
MONGUA;BOYACA;15464
MONGUI;BOYACA;15466
MONIQUIRA;BOYACA;15469
MOTAVITA;BOYACA;15476
MUZO;BOYACA;15480
NOBSA;BOYACA;15491
NUEVO COLON;BOYACA;15494
OICATA;BOYACA;15500
OTANCHE;BOYACA;15507
PACHAVITA;BOYACA;15511
PAEZ;BOYACA;15514
PAIPA;BOYACA;15516
PAJARITO;BOYACA;15518
PANQUEBA;BOYACA;15522
PAUNA;BOYACA;15531
PAYA;BOYACA;15533
PAZ DE RIO;BOYACA;15537
PESCA;BOYACA;15542
PISBA;BOYACA;15550
PUERTO BOYACA;BOYACA;15572
QUIPAMA;BOYACA;15580
RAMIRIQUI;BOYACA;15599
RAQUIRA;BOYACA;15600
RONDON;BOYACA;15621
SABOYA;BOYACA;15632
SACHICA;BOYACA;15638
SAMACA;BOYACA;15646
SAN EDUARDO;BOYACA;15660
SAN JOSE DE PARE;BOYACA;15664
SAN LUIS DE GACENO;BOYACA;15667
SAN MATEO;BOYACA;15673
SAN MIGUEL DE SEMA;BOYACA;15676
SAN PABLO DE BORBUR;BOYACA;15681
SANTANA;BOYACA;15686
SANTA MARIA;BOYACA;15690
SANTA ROSA DE VITERBO;BOYACA;15693
SANTA SOFIA;BOYACA;15696
SATIVANORTE;BOYACA;15720
SATIVASUR;BOYACA;15723
SIACHOQUE;BOYACA;15740
SOATA;BOYACA;15753
SOCOTA;BOYACA;15755
SOCHA;BOYACA;15757
SOGAMOSO;BOYACA;15759
SOMONDOCO;BOYACA;15761
SORA;BOYACA;15762
SOTAQUIRA;BOYACA;15763
SORACA;BOYACA;15764
SUSACON;BOYACA;15774
SUTAMARCHAN;BOYACA;15776
SUTATENZA;BOYACA;15778
TASCO;BOYACA;15790
TENZA;BOYACA;15798
TIBANA;BOYACA;15804
TIBASOSA;BOYACA;15806
TINJACA;BOYACA;15808
TIPACOQUE;BOYACA;15810
TOCA;BOYACA;15814
TOGsI;BOYACA;15816
TOPAGA;BOYACA;15820
TOTA;BOYACA;15822
TUNUNGUA;BOYACA;15832
TURMEQUE;BOYACA;15835
TUTA;BOYACA;15837
TUTAZA;BOYACA;15839
UMBITA;BOYACA;15842
VENTAQUEMADA;BOYACA;15861
VIRACACHA;BOYACA;15879
ZETAQUIRA;BOYACA;15897
MANIZALES;CALDAS;17001
AGUADAS;CALDAS;17013
ANSERMA;CALDAS;17042
ARANZAZU;CALDAS;17050
BELALCAZAR;CALDAS;17088
CHINCHINA;CALDAS;17174
FILADELFIA;CALDAS;17272
LA DORADA;CALDAS;17380
LA MERCED;CALDAS;17388
MANZANARES;CALDAS;17433
MARMATO;CALDAS;17442
MARQUETALIA;CALDAS;17444
MARULANDA;CALDAS;17446
NEIRA;CALDAS;17486
NORCASIA;CALDAS;17495
PACORA;CALDAS;17513
PALESTINA;CALDAS;17524
PENSILVANIA;CALDAS;17541
RIOSUCIO;CALDAS;17614
RISARALDA;CALDAS;17616
SALAMINA;CALDAS;17653
SAMANA;CALDAS;17662
SAN JOSE;CALDAS;17665
SUPIA;CALDAS;17777
VICTORIA;CALDAS;17867
VILLAMARIA;CALDAS;17873
VITERBO;CALDAS;17877
FLORENCIA;CAQUETA;18001
ALBANIA;CAQUETA;18029
BELEN DE LOS ANDAQUIES;CAQUETA;18094
CARTAGENA DEL CHAIRA;CAQUETA;18150
CURILLO;CAQUETA;18205
EL DONCELLO;CAQUETA;18247
EL PAUJIL;CAQUETA;18256
LA MONTAÑITA;CAQUETA;18410
MILAN;CAQUETA;18460
MORELIA;CAQUETA;18479
PUERTO RICO;CAQUETA;18592
SAN JOSE DEL FRAGUA;CAQUETA;18610
SAN VICENTE DEL CAGUAN;CAQUETA;18753
SOLANO;CAQUETA;18756
SOLITA;CAQUETA;18785
VALPARAISO;CAQUETA;18860
POPAYAN;CAUCA;19001
ALMAGUER;CAUCA;19022
ARGELIA;CAUCA;19050
BALBOA;CAUCA;19075
BOLIVAR;CAUCA;19100
BUENOS AIRES;CAUCA;19110
CAJIBIO;CAUCA;19130
CALDONO;CAUCA;19137
CALOTO;CAUCA;19142
CORINTO;CAUCA;19212
EL TAMBO;CAUCA;19256
FLORENCIA;CAUCA;19290
GUACHENE;CAUCA;19300
GUAPI;CAUCA;19318
INZA;CAUCA;19355
JAMBALO;CAUCA;19364
LA SIERRA;CAUCA;19392
LA VEGA;CAUCA;19397
LOPEZ;CAUCA;19418
MERCADERES;CAUCA;19450
MIRANDA;CAUCA;19455
MORALES;CAUCA;19473
PADILLA;CAUCA;19513
PAEZ;CAUCA;19517
PATIA;CAUCA;19532
PIAMONTE;CAUCA;19533
PIENDAMO;CAUCA;19548
PUERTO TEJADA;CAUCA;19573
PURACE;CAUCA;19585
ROSAS;CAUCA;19622
SAN SEBASTIAN;CAUCA;19693
SANTANDER DE QUILICHAO;CAUCA;19698
SANTA ROSA;CAUCA;19701
SILVIA;CAUCA;19743
SOTARA;CAUCA;19760
SUAREZ;CAUCA;19780
SUCRE;CAUCA;19785
TIMBIO;CAUCA;19807
TIMBIQUI;CAUCA;19809
TORIBIO;CAUCA;19821
TOTORO;CAUCA;19824
VILLA RICA;CAUCA;19845
VALLEDUPAR;CESAR;20001
AGUACHICA;CESAR;20011
AGUSTIN CODAZZI;CESAR;20013
ASTREA;CESAR;20032
BECERRIL;CESAR;20045
BOSCONIA;CESAR;20060
CHIMICHAGUA;CESAR;20175
CHIRIGUANA;CESAR;20178
CURUMANI;CESAR;20228
EL COPEY;CESAR;20238
EL PASO;CESAR;20250
GAMARRA;CESAR;20295
GONZALEZ;CESAR;20310
LA GLORIA;CESAR;20383
LA JAGUA DE IBIRICO;CESAR;20400
MANAURE;CESAR;20443
PAILITAS;CESAR;20517
PELAYA;CESAR;20550
PUEBLO BELLO;CESAR;20570
RIO DE ORO;CESAR;20614
LA PAZ;CESAR;20621
SAN ALBERTO;CESAR;20710
SAN DIEGO;CESAR;20750
SAN MARTIN;CESAR;20770
TAMALAMEQUE;CESAR;20787
MONTERIA;CORDOBA;23001
AYAPEL;CORDOBA;23068
BUENAVISTA;CORDOBA;23079
CANALETE;CORDOBA;23090
CERETE;CORDOBA;23162
CHIMA;CORDOBA;23168
CHINU;CORDOBA;23182
CIENAGA DE ORO;CORDOBA;23189
COTORRA;CORDOBA;23300
LA APARTADA;CORDOBA;23350
LORICA;CORDOBA;23417
LOS CORDOBAS;CORDOBA;23419
MOMIL;CORDOBA;23464
MONTELIBANO;CORDOBA;23466
MOÑITOS;CORDOBA;23500
PLANETA RICA;CORDOBA;23555
PUEBLO NUEVO;CORDOBA;23570
PUERTO ESCONDIDO;CORDOBA;23574
PUERTO LIBERTADOR;CORDOBA;23580
PURISIMA;CORDOBA;23586
SAHAGUN;CORDOBA;23660
SAN ANDRES SOTAVENTO;CORDOBA;23670
SAN ANTERO;CORDOBA;23672
SAN BERNARDO DEL VIENTO;CORDOBA;23675
SAN CARLOS;CORDOBA;23678
SAN PELAYO;CORDOBA;23686
TIERRALTA;CORDOBA;23807
VALENCIA;CORDOBA;23855
AGUA DE DIOS;CUNDINAMARCA;25001
ALBAN;CUNDINAMARCA;25019
ANAPOIMA;CUNDINAMARCA;25035
ANOLAIMA;CUNDINAMARCA;25040
ARBELAEZ;CUNDINAMARCA;25053
BELTRAN;CUNDINAMARCA;25086
BITUIMA;CUNDINAMARCA;25095
BOJACA;CUNDINAMARCA;25099
CABRERA;CUNDINAMARCA;25120
CACHIPAY;CUNDINAMARCA;25123
CAJICA;CUNDINAMARCA;25126
CAPARRAPI;CUNDINAMARCA;25148
CAQUEZA;CUNDINAMARCA;25151
CARMEN DE CARUPA;CUNDINAMARCA;25154
CHAGUANI;CUNDINAMARCA;25168
CHIA;CUNDINAMARCA;25175
CHIPAQUE;CUNDINAMARCA;25178
CHOACHI;CUNDINAMARCA;25181
CHOCONTA;CUNDINAMARCA;25183
COGUA;CUNDINAMARCA;25200
COTA;CUNDINAMARCA;25214
CUCUNUBA;CUNDINAMARCA;25224
EL COLEGIO;CUNDINAMARCA;25245
EL PEÑON;CUNDINAMARCA;25258
EL ROSAL;CUNDINAMARCA;25260
FACATATIVA;CUNDINAMARCA;25269
FOMEQUE;CUNDINAMARCA;25279
FOSCA;CUNDINAMARCA;25281
FUNZA;CUNDINAMARCA;25286
FUQUENE;CUNDINAMARCA;25288
FUSAGASUGA;CUNDINAMARCA;25290
GACHALA;CUNDINAMARCA;25293
GACHANCIPA;CUNDINAMARCA;25295
GACHETA;CUNDINAMARCA;25297
GAMA;CUNDINAMARCA;25299
GIRARDOT;CUNDINAMARCA;25307
GRANADA;CUNDINAMARCA;25312
GUACHETA;CUNDINAMARCA;25317
GUADUAS;CUNDINAMARCA;25320
GUASCA;CUNDINAMARCA;25322
GUATAQUI;CUNDINAMARCA;25324
GUATAVITA;CUNDINAMARCA;25326
GUAYABAL DE SIQUIMA;CUNDINAMARCA;25328
GUAYABETAL;CUNDINAMARCA;25335
GUTIERREZ;CUNDINAMARCA;25339
JERUSALEN;CUNDINAMARCA;25368
JUNIN;CUNDINAMARCA;25372
LA CALERA;CUNDINAMARCA;25377
LA MESA;CUNDINAMARCA;25386
LA PALMA;CUNDINAMARCA;25394
LA PEÑA;CUNDINAMARCA;25398
LA VEGA;CUNDINAMARCA;25402
LENGUAZAQUE;CUNDINAMARCA;25407
MACHETA;CUNDINAMARCA;25426
MADRID;CUNDINAMARCA;25430
MANTA;CUNDINAMARCA;25436
MEDINA;CUNDINAMARCA;25438
MOSQUERA;CUNDINAMARCA;25473
NARIÑO;CUNDINAMARCA;25483
NEMOCON;CUNDINAMARCA;25486
NILO;CUNDINAMARCA;25488
NIMAIMA;CUNDINAMARCA;25489
NOCAIMA;CUNDINAMARCA;25491
VENECIA;CUNDINAMARCA;25506
PACHO;CUNDINAMARCA;25513
PAIME;CUNDINAMARCA;25518
PANDI;CUNDINAMARCA;25524
PARATEBUENO;CUNDINAMARCA;25530
PASCA;CUNDINAMARCA;25535
PUERTO SALGAR;CUNDINAMARCA;25572
PULI;CUNDINAMARCA;25580
QUEBRADANEGRA;CUNDINAMARCA;25592
QUETAME;CUNDINAMARCA;25594
QUIPILE;CUNDINAMARCA;25596
APULO;CUNDINAMARCA;25599
RICAURTE;CUNDINAMARCA;25612
SAN ANTONIO DEL TEQUENDAMA;CUNDINAMARCA;25645
SAN BERNARDO;CUNDINAMARCA;25649
SAN CAYETANO;CUNDINAMARCA;25653
SAN FRANCISCO;CUNDINAMARCA;25658
SAN JUAN DE RIO SECO;CUNDINAMARCA;25662
SASAIMA;CUNDINAMARCA;25718
SESQUILE;CUNDINAMARCA;25736
SIBATE;CUNDINAMARCA;25740
SILVANIA;CUNDINAMARCA;25743
SIMIJACA;CUNDINAMARCA;25745
SOACHA;CUNDINAMARCA;25754
SOPO;CUNDINAMARCA;25758
SUBACHOQUE;CUNDINAMARCA;25769
SUESCA;CUNDINAMARCA;25772
SUPATA;CUNDINAMARCA;25777
SUSA;CUNDINAMARCA;25779
SUTATAUSA;CUNDINAMARCA;25781
TABIO;CUNDINAMARCA;25785
TAUSA;CUNDINAMARCA;25793
TENA;CUNDINAMARCA;25797
TENJO;CUNDINAMARCA;25799
TIBACUY;CUNDINAMARCA;25805
TIBIRITA;CUNDINAMARCA;25807
TOCAIMA;CUNDINAMARCA;25815
TOCANCIPA;CUNDINAMARCA;25817
TOPAIPI;CUNDINAMARCA;25823
UBALA;CUNDINAMARCA;25839
UBAQUE;CUNDINAMARCA;25841
VILLA DE SAN DIEGO DE UBATE;CUNDINAMARCA;25843
UNE;CUNDINAMARCA;25845
UTICA;CUNDINAMARCA;25851
VERGARA;CUNDINAMARCA;25862
VIANI;CUNDINAMARCA;25867
VILLAGOMEZ;CUNDINAMARCA;25871
VILLAPINZON;CUNDINAMARCA;25873
VILLETA;CUNDINAMARCA;25875
VIOTA;CUNDINAMARCA;25878
YACOPI;CUNDINAMARCA;25885
ZIPACON;CUNDINAMARCA;25898
ZIPAQUIRA;CUNDINAMARCA;25899
QUIBDO;CHOCO;27001
ACANDI;CHOCO;27006
ALTO BAUDO;CHOCO;27025
ATRATO;CHOCO;27050
BAGADO;CHOCO;27073
BAHIA SOLANO;CHOCO;27075
BAJO BAUDO;CHOCO;27077
BOJAYA;CHOCO;27099
EL CANTON DEL SAN PABLO;CHOCO;27135
CARMEN DEL DARIEN;CHOCO;27150
CERTEGUI;CHOCO;27160
CONDOTO;CHOCO;27205
EL CARMEN DE ATRATO;CHOCO;27245
EL LITORAL DEL SAN JUAN;CHOCO;27250
ISTMINA;CHOCO;27361
JURADO;CHOCO;27372
LLORO;CHOCO;27413
MEDIO ATRATO;CHOCO;27425
MEDIO BAUDO;CHOCO;27430
MEDIO SAN JUAN;CHOCO;27450
NOVITA;CHOCO;27491
NUQUI;CHOCO;27495
RIO IRO;CHOCO;27580
RIO QUITO;CHOCO;27600
RIOSUCIO;CHOCO;27615
SAN JOSE DEL PALMAR;CHOCO;27660
SIPI;CHOCO;27745
TADO;CHOCO;27787
UNGUIA;CHOCO;27800
UNION PANAMERICANA;CHOCO;27810
NEIVA;HUILA;41001
ACEVEDO;HUILA;41006
AGRADO;HUILA;41013
AIPE;HUILA;41016
ALGECIRAS;HUILA;41020
ALTAMIRA;HUILA;41026
BARAYA;HUILA;41078
CAMPOALEGRE;HUILA;41132
COLOMBIA;HUILA;41206
ELIAS;HUILA;41244
GARZON;HUILA;41298
GIGANTE;HUILA;41306
GUADALUPE;HUILA;41319
HOBO;HUILA;41349
IQUIRA;HUILA;41357
ISNOS;HUILA;41359
LA ARGENTINA;HUILA;41378
LA PLATA;HUILA;41396
NATAGA;HUILA;41483
OPORAPA;HUILA;41503
PAICOL;HUILA;41518
PALERMO;HUILA;41524
PALESTINA;HUILA;41530
PITAL;HUILA;41548
PITALITO;HUILA;41551
RIVERA;HUILA;41615
SALADOBLANCO;HUILA;41660
SAN AGUSTIN;HUILA;41668
SANTA MARIA;HUILA;41676
SUAZA;HUILA;41770
TARQUI;HUILA;41791
TESALIA;HUILA;41797
TELLO;HUILA;41799
TERUEL;HUILA;41801
TIMANA;HUILA;41807
VILLAVIEJA;HUILA;41872
YAGUARA;HUILA;41885
RIOHACHA;LA GUAJIRA;44001
ALBANIA;LA GUAJIRA;44035
BARRANCAS;LA GUAJIRA;44078
DIBULLA;LA GUAJIRA;44090
DISTRACCION;LA GUAJIRA;44098
EL MOLINO;LA GUAJIRA;44110
FONSECA;LA GUAJIRA;44279
HATONUEVO;LA GUAJIRA;44378
LA JAGUA DEL PILAR;LA GUAJIRA;44420
MAICAO;LA GUAJIRA;44430
MANAURE;LA GUAJIRA;44560
SAN JUAN DEL CESAR;LA GUAJIRA;44650
URIBIA;LA GUAJIRA;44847
URUMITA;LA GUAJIRA;44855
VILLANUEVA;LA GUAJIRA;44874
SANTA MARTA;MAGDALENA;47001
ALGARROBO;MAGDALENA;47030
ARACATACA;MAGDALENA;47053
ARIGUANI;MAGDALENA;47058
CERRO SAN ANTONIO;MAGDALENA;47161
CHIBOLO;MAGDALENA;47170
CIENAGA;MAGDALENA;47189
CONCORDIA;MAGDALENA;47205
EL BANCO;MAGDALENA;47245
EL PIÑON;MAGDALENA;47258
EL RETEN;MAGDALENA;47268
FUNDACION;MAGDALENA;47288
GUAMAL;MAGDALENA;47318
NUEVA GRANADA;MAGDALENA;47460
PEDRAZA;MAGDALENA;47541
PIJIÑO DEL CARMEN;MAGDALENA;47545
PIVIJAY;MAGDALENA;47551
PLATO;MAGDALENA;47555
PUEBLOVIEJO;MAGDALENA;47570
REMOLINO;MAGDALENA;47605
SABANAS DE SAN ANGEL;MAGDALENA;47660
SALAMINA;MAGDALENA;47675
SAN SEBASTIAN DE BUENAVISTA;MAGDALENA;47692
SAN ZENON;MAGDALENA;47703
SANTA ANA;MAGDALENA;47707
SANTA BARBARA DE PINTO;MAGDALENA;47720
SITIONUEVO;MAGDALENA;47745
TENERIFE;MAGDALENA;47798
ZAPAYAN;MAGDALENA;47960
ZONA BANANERA;MAGDALENA;47980
VILLAVICENCIO;META;50001
ACACIAS;META;50006
BARRANCA DE UPIA;META;50110
CABUYARO;META;50124
CASTILLA LA NUEVA;META;50150
CUBARRAL;META;50223
CUMARAL;META;50226
EL CALVARIO;META;50245
EL CASTILLO;META;50251
EL DORADO;META;50270
FUENTE DE ORO;META;50287
GRANADA;META;50313
GUAMAL;META;50318
MAPIRIPAN;META;50325
MESETAS;META;50330
LA MACARENA;META;50350
URIBE;META;50370
LEJANIAS;META;50400
PUERTO CONCORDIA;META;50450
PUERTO GAITAN;META;50568
PUERTO LOPEZ;META;50573
PUERTO LLERAS;META;50577
PUERTO RICO;META;50590
RESTREPO;META;50606
SAN CARLOS DE GUAROA;META;50680
SAN JUAN DE ARAMA;META;50683
SAN JUANITO;META;50686
SAN MARTIN;META;50689
VISTAHERMOSA;META;50711
PASTO;NARIÑO;52001
ALBAN;NARIÑO;52019
ALDANA;NARIÑO;52022
ANCUYA;NARIÑO;52036
ARBOLEDA;NARIÑO;52051
BARBACOAS;NARIÑO;52079
BELEN;NARIÑO;52083
BUESACO;NARIÑO;52110
COLON;NARIÑO;52203
CONSACA;NARIÑO;52207
CONTADERO;NARIÑO;52210
CORDOBA;NARIÑO;52215
CUASPUD;NARIÑO;52224
CUMBAL;NARIÑO;52227
CUMBITARA;NARIÑO;52233
CHACHAGsI;NARIÑO;52240
EL CHARCO;NARIÑO;52250
EL PEÑOL;NARIÑO;52254
EL ROSARIO;NARIÑO;52256
EL TABLON DE GOMEZ;NARIÑO;52258
EL TAMBO;NARIÑO;52260
FUNES;NARIÑO;52287
GUACHUCAL;NARIÑO;52317
GUAITARILLA;NARIÑO;52320
GUALMATAN;NARIÑO;52323
ILES;NARIÑO;52352
IMUES;NARIÑO;52354
IPIALES;NARIÑO;52356
LA CRUZ;NARIÑO;52378
LA FLORIDA;NARIÑO;52381
LA LLANADA;NARIÑO;52385
LA TOLA;NARIÑO;52390
LA UNION;NARIÑO;52399
LEIVA;NARIÑO;52405
LINARES;NARIÑO;52411
LOS ANDES;NARIÑO;52418
MAGsI;NARIÑO;52427
MALLAMA;NARIÑO;52435
MOSQUERA;NARIÑO;52473
NARIÑO;NARIÑO;52480
OLAYA HERRERA;NARIÑO;52490
OSPINA;NARIÑO;52506
FRANCISCO PIZARRO;NARIÑO;52520
POLICARPA;NARIÑO;52540
POTOSI;NARIÑO;52560
PROVIDENCIA;NARIÑO;52565
PUERRES;NARIÑO;52573
PUPIALES;NARIÑO;52585
RICAURTE;NARIÑO;52612
ROBERTO PAYAN;NARIÑO;52621
SAMANIEGO;NARIÑO;52678
SANDONA;NARIÑO;52683
SAN BERNARDO;NARIÑO;52685
SAN LORENZO;NARIÑO;52687
SAN PABLO;NARIÑO;52693
SAN PEDRO DE CARTAGO;NARIÑO;52694
SANTA BARBARA;NARIÑO;52696
SANTACRUZ;NARIÑO;52699
SAPUYES;NARIÑO;52720
TAMINANGO;NARIÑO;52786
TANGUA;NARIÑO;52788
SAN ANDRES DE TUMACO;NARIÑO;52835
TUQUERRES;NARIÑO;52838
YACUANQUER;NARIÑO;52885
CUCUTA;N. DE SANTANDER;54001
ABREGO;N. DE SANTANDER;54003
ARBOLEDAS;N. DE SANTANDER;54051
BOCHALEMA;N. DE SANTANDER;54099
BUCARASICA;N. DE SANTANDER;54109
CACOTA;N. DE SANTANDER;54125
CACHIRA;N. DE SANTANDER;54128
CHINACOTA;N. DE SANTANDER;54172
CHITAGA;N. DE SANTANDER;54174
CONVENCION;N. DE SANTANDER;54206
CUCUTILLA;N. DE SANTANDER;54223
DURANIA;N. DE SANTANDER;54239
EL CARMEN;N. DE SANTANDER;54245
EL TARRA;N. DE SANTANDER;54250
EL ZULIA;N. DE SANTANDER;54261
GRAMALOTE;N. DE SANTANDER;54313
HACARI;N. DE SANTANDER;54344
HERRAN;N. DE SANTANDER;54347
LABATECA;N. DE SANTANDER;54377
LA ESPERANZA;N. DE SANTANDER;54385
LA PLAYA;N. DE SANTANDER;54398
LOS PATIOS;N. DE SANTANDER;54405
LOURDES;N. DE SANTANDER;54418
MUTISCUA;N. DE SANTANDER;54480
OCAÑA;N. DE SANTANDER;54498
PAMPLONA;N. DE SANTANDER;54518
PAMPLONITA;N. DE SANTANDER;54520
PUERTO SANTANDER;N. DE SANTANDER;54553
RAGONVALIA;N. DE SANTANDER;54599
SALAZAR;N. DE SANTANDER;54660
SAN CALIXTO;N. DE SANTANDER;54670
SAN CAYETANO;N. DE SANTANDER;54673
SANTIAGO;N. DE SANTANDER;54680
SARDINATA;N. DE SANTANDER;54720
SILOS;N. DE SANTANDER;54743
TEORAMA;N. DE SANTANDER;54800
TIBU;N. DE SANTANDER;54810
TOLEDO;N. DE SANTANDER;54820
VILLA CARO;N. DE SANTANDER;54871
VILLA DEL ROSARIO;N. DE SANTANDER;54874
ARMENIA;QUINDIO;63001
BUENAVISTA;QUINDIO;63111
CALARCA;QUINDIO;63130
CIRCASIA;QUINDIO;63190
CORDOBA;QUINDIO;63212
FILANDIA;QUINDIO;63272
GENOVA;QUINDIO;63302
LA TEBAIDA;QUINDIO;63401
MONTENEGRO;QUINDIO;63470
PIJAO;QUINDIO;63548
QUIMBAYA;QUINDIO;63594
SALENTO;QUINDIO;63690
PEREIRA;RISARALDA;66001
APIA;RISARALDA;66045
BALBOA;RISARALDA;66075
BELEN DE UMBRIA;RISARALDA;66088
DOSQUEBRADAS;RISARALDA;66170
GUATICA;RISARALDA;66318
LA CELIA;RISARALDA;66383
LA VIRGINIA;RISARALDA;66400
MARSELLA;RISARALDA;66440
MISTRATO;RISARALDA;66456
PUEBLO RICO;RISARALDA;66572
QUINCHIA;RISARALDA;66594
SANTA ROSA DE CABAL;RISARALDA;66682
SANTUARIO;RISARALDA;66687
BUCARAMANGA;SANTANDER;68001
AGUADA;SANTANDER;68013
ALBANIA;SANTANDER;68020
ARATOCA;SANTANDER;68051
BARBOSA;SANTANDER;68077
BARICHARA;SANTANDER;68079
BARRANCABERMEJA;SANTANDER;68081
BETULIA;SANTANDER;68092
BOLIVAR;SANTANDER;68101
CABRERA;SANTANDER;68121
CALIFORNIA;SANTANDER;68132
CAPITANEJO;SANTANDER;68147
CARCASI;SANTANDER;68152
CEPITA;SANTANDER;68160
CERRITO;SANTANDER;68162
CHARALA;SANTANDER;68167
CHARTA;SANTANDER;68169
CHIMA;SANTANDER;68176
CHIPATA;SANTANDER;68179
CIMITARRA;SANTANDER;68190
CONCEPCION;SANTANDER;68207
CONFINES;SANTANDER;68209
CONTRATACION;SANTANDER;68211
COROMORO;SANTANDER;68217
CURITI;SANTANDER;68229
EL CARMEN DE CHUCURI;SANTANDER;68235
EL GUACAMAYO;SANTANDER;68245
EL PEÑON;SANTANDER;68250
EL PLAYON;SANTANDER;68255
ENCINO;SANTANDER;68264
ENCISO;SANTANDER;68266
FLORIAN;SANTANDER;68271
FLORIDABLANCA;SANTANDER;68276
GALAN;SANTANDER;68296
GAMBITA;SANTANDER;68298
GIRON;SANTANDER;68307
GUACA;SANTANDER;68318
GUADALUPE;SANTANDER;68320
GUAPOTA;SANTANDER;68322
GUAVATA;SANTANDER;68324
GsEPSA;SANTANDER;68327
HATO;SANTANDER;68344
JESUS MARIA;SANTANDER;68368
JORDAN;SANTANDER;68370
LA BELLEZA;SANTANDER;68377
LANDAZURI;SANTANDER;68385
LA PAZ;SANTANDER;68397
LEBRIJA;SANTANDER;68406
LOS SANTOS;SANTANDER;68418
MACARAVITA;SANTANDER;68425
MALAGA;SANTANDER;68432
MATANZA;SANTANDER;68444
MOGOTES;SANTANDER;68464
MOLAGAVITA;SANTANDER;68468
OCAMONTE;SANTANDER;68498
OIBA;SANTANDER;68500
ONZAGA;SANTANDER;68502
PALMAR;SANTANDER;68522
PALMAS DEL SOCORRO;SANTANDER;68524
PARAMO;SANTANDER;68533
PIEDECUESTA;SANTANDER;68547
PINCHOTE;SANTANDER;68549
PUENTE NACIONAL;SANTANDER;68572
PUERTO PARRA;SANTANDER;68573
PUERTO WILCHES;SANTANDER;68575
RIONEGRO;SANTANDER;68615
SABANA DE TORRES;SANTANDER;68655
SAN ANDRES;SANTANDER;68669
SAN BENITO;SANTANDER;68673
SAN GIL;SANTANDER;68679
SAN JOAQUIN;SANTANDER;68682
SAN JOSE DE MIRANDA;SANTANDER;68684
SAN MIGUEL;SANTANDER;68686
SAN VICENTE DE CHUCURI;SANTANDER;68689
SANTA BARBARA;SANTANDER;68705
SANTA HELENA DEL OPON;SANTANDER;68720
SIMACOTA;SANTANDER;68745
SOCORRO;SANTANDER;68755
SUAITA;SANTANDER;68770
SUCRE;SANTANDER;68773
SURATA;SANTANDER;68780
TONA;SANTANDER;68820
VALLE DE SAN JOSE;SANTANDER;68855
VELEZ;SANTANDER;68861
VETAS;SANTANDER;68867
VILLANUEVA;SANTANDER;68872
ZAPATOCA;SANTANDER;68895
SINCELEJO;SUCRE;70001
BUENAVISTA;SUCRE;70110
CAIMITO;SUCRE;70124
COLOSO;SUCRE;70204
COROZAL;SUCRE;70215
COVEÑAS;SUCRE;70221
CHALAN;SUCRE;70230
EL ROBLE;SUCRE;70233
GALERAS;SUCRE;70235
GUARANDA;SUCRE;70265
LA UNION;SUCRE;70400
LOS PALMITOS;SUCRE;70418
MAJAGUAL;SUCRE;70429
MORROA;SUCRE;70473
OVEJAS;SUCRE;70508
PALMITO;SUCRE;70523
SAMPUES;SUCRE;70670
SAN BENITO ABAD;SUCRE;70678
SAN JUAN DE BETULIA;SUCRE;70702
SAN MARCOS;SUCRE;70708
SAN ONOFRE;SUCRE;70713
SAN PEDRO;SUCRE;70717
SAN LUIS DE SINCE;SUCRE;70742
SUCRE;SUCRE;70771
SANTIAGO DE TOLU;SUCRE;70820
TOLU VIEJO;SUCRE;70823
IBAGUE;TOLIMA;73001
ALPUJARRA;TOLIMA;73024
ALVARADO;TOLIMA;73026
AMBALEMA;TOLIMA;73030
ANZOATEGUI;TOLIMA;73043
ARMERO;TOLIMA;73055
ATACO;TOLIMA;73067
CAJAMARCA;TOLIMA;73124
CARMEN DE APICALA;TOLIMA;73148
CASABIANCA;TOLIMA;73152
CHAPARRAL;TOLIMA;73168
COELLO;TOLIMA;73200
COYAIMA;TOLIMA;73217
CUNDAY;TOLIMA;73226
DOLORES;TOLIMA;73236
ESPINAL;TOLIMA;73268
FALAN;TOLIMA;73270
FLANDES;TOLIMA;73275
FRESNO;TOLIMA;73283
GUAMO;TOLIMA;73319
HERVEO;TOLIMA;73347
HONDA;TOLIMA;73349
ICONONZO;TOLIMA;73352
LERIDA;TOLIMA;73408
LIBANO;TOLIMA;73411
MARIQUITA;TOLIMA;73443
MELGAR;TOLIMA;73449
MURILLO;TOLIMA;73461
NATAGAIMA;TOLIMA;73483
ORTEGA;TOLIMA;73504
PALOCABILDO;TOLIMA;73520
PIEDRAS;TOLIMA;73547
PLANADAS;TOLIMA;73555
PRADO;TOLIMA;73563
PURIFICACION;TOLIMA;73585
RIOBLANCO;TOLIMA;73616
RONCESVALLES;TOLIMA;73622
ROVIRA;TOLIMA;73624
SALDAÑA;TOLIMA;73671
SAN ANTONIO;TOLIMA;73675
SAN LUIS;TOLIMA;73678
SANTA ISABEL;TOLIMA;73686
SUAREZ;TOLIMA;73770
VALLE DE SAN JUAN;TOLIMA;73854
VENADILLO;TOLIMA;73861
VILLAHERMOSA;TOLIMA;73870
VILLARRICA;TOLIMA;73873
CALI;VALLE DEL CAUCA;76001
ALCALA;VALLE DEL CAUCA;76020
ANDALUCIA;VALLE DEL CAUCA;76036
ANSERMANUEVO;VALLE DEL CAUCA;76041
ARGELIA;VALLE DEL CAUCA;76054
BOLIVAR;VALLE DEL CAUCA;76100
BUENAVENTURA;VALLE DEL CAUCA;76109
GUADALAJARA DE BUGA;VALLE DEL CAUCA;76111
BUGALAGRANDE;VALLE DEL CAUCA;76113
CAICEDONIA;VALLE DEL CAUCA;76122
CALIMA;VALLE DEL CAUCA;76126
CANDELARIA;VALLE DEL CAUCA;76130
CARTAGO;VALLE DEL CAUCA;76147
DAGUA;VALLE DEL CAUCA;76233
EL AGUILA;VALLE DEL CAUCA;76243
EL CAIRO;VALLE DEL CAUCA;76246
EL CERRITO;VALLE DEL CAUCA;76248
EL DOVIO;VALLE DEL CAUCA;76250
FLORIDA;VALLE DEL CAUCA;76275
GINEBRA;VALLE DEL CAUCA;76306
GUACARI;VALLE DEL CAUCA;76318
JAMUNDI;VALLE DEL CAUCA;76364
LA CUMBRE;VALLE DEL CAUCA;76377
LA UNION;VALLE DEL CAUCA;76400
LA VICTORIA;VALLE DEL CAUCA;76403
OBANDO;VALLE DEL CAUCA;76497
PALMIRA;VALLE DEL CAUCA;76520
PRADERA;VALLE DEL CAUCA;76563
RESTREPO;VALLE DEL CAUCA;76606
RIOFRIO;VALLE DEL CAUCA;76616
ROLDANILLO;VALLE DEL CAUCA;76622
SAN PEDRO;VALLE DEL CAUCA;76670
SEVILLA;VALLE DEL CAUCA;76736
TORO;VALLE DEL CAUCA;76823
TRUJILLO;VALLE DEL CAUCA;76828
TULUA;VALLE DEL CAUCA;76834
ULLOA;VALLE DEL CAUCA;76845
VERSALLES;VALLE DEL CAUCA;76863
VIJES;VALLE DEL CAUCA;76869
YOTOCO;VALLE DEL CAUCA;76890
YUMBO;VALLE DEL CAUCA;76892
ZARZAL;VALLE DEL CAUCA;76895
ARAUCA;ARAUCA;81001
ARAUQUITA;ARAUCA;81065
CRAVO NORTE;ARAUCA;81220
FORTUL;ARAUCA;81300
PUERTO RONDON;ARAUCA;81591
SARAVENA;ARAUCA;81736
TAME;ARAUCA;81794
YOPAL;CASANARE;85001
AGUAZUL;CASANARE;85010
CHAMEZA;CASANARE;85015
HATO COROZAL;CASANARE;85125
LA SALINA;CASANARE;85136
MANI;CASANARE;85139
MONTERREY;CASANARE;85162
NUNCHIA;CASANARE;85225
OROCUE;CASANARE;85230
PAZ DE ARIPORO;CASANARE;85250
PORE;CASANARE;85263
RECETOR;CASANARE;85279
SABANALARGA;CASANARE;85300
SACAMA;CASANARE;85315
SAN LUIS DE PALENQUE;CASANARE;85325
TAMARA;CASANARE;85400
TAURAMENA;CASANARE;85410
TRINIDAD;CASANARE;85430
VILLANUEVA;CASANARE;85440
MOCOA;PUTUMAYO;86001
COLON;PUTUMAYO;86219
ORITO;PUTUMAYO;86320
PUERTO ASIS;PUTUMAYO;86568
PUERTO CAICEDO;PUTUMAYO;86569
PUERTO GUZMAN;PUTUMAYO;86571
LEGUIZAMO;PUTUMAYO;86573
SIBUNDOY;PUTUMAYO;86749
SAN FRANCISCO;PUTUMAYO;86755
SAN MIGUEL;PUTUMAYO;86757
SANTIAGO;PUTUMAYO;86760
VALLE DEL GUAMUEZ;PUTUMAYO;86865
VILLAGARZON;PUTUMAYO;86885
SAN ANDRES;SAN ANDRES;88001
PROVIDENCIA;SAN ANDRES;88564
LETICIA;AMAZONAS;91001
EL ENCANTO;AMAZONAS;91263
LA CHORRERA;AMAZONAS;91405
LA PEDRERA;AMAZONAS;91407
LA VICTORIA;AMAZONAS;91430
MIRITI - PARANA;AMAZONAS;91460
PUERTO ALEGRIA;AMAZONAS;91530
PUERTO ARICA;AMAZONAS;91536
PUERTO NARIÑO;AMAZONAS;91540
PUERTO SANTANDER;AMAZONAS;91669
TARAPACA;AMAZONAS;91798
INIRIDA;GUAINIA;94001
BARRANCO MINAS;GUAINIA;94343
MAPIRIPANA;GUAINIA;94663
SAN FELIPE;GUAINIA;94883
PUERTO COLOMBIA;GUAINIA;94884
LA GUADALUPE;GUAINIA;94885
CACAHUAL;GUAINIA;94886
PANA PANA;GUAINIA;94887
MORICHAL;GUAINIA;94888
SAN JOSE DEL GUAVIARE;GUAVIARE;95001
CALAMAR;GUAVIARE;95015
EL RETORNO;GUAVIARE;95025
MIRAFLORES;GUAVIARE;95200
MITU;VAUPES;97001
CARURU;VAUPES;97161
PACOA;VAUPES;97511
TARAIRA;VAUPES;97666
PAPUNAUA;VAUPES;97777
YAVARATE;VAUPES;97889
PUERTO CARREÑO;VICHADA;99001
LA PRIMAVERA;VICHADA;99524
SANTA ROSALIA;VICHADA;99624
CUMARIBO;VICHADA;99773
